{"m1":{"ram":0.3657646179199219,"cpu":2400,"processes":0,"time":4144},"m2":{"ram":0.3274650573730469,"cpu":2400,"processes":0,"time":3156},"m3":{"ram":0.3761711120605469,"cpu":2400,"processes":0,"time":4260}}