{"m1":{"ram":2.279987335205078,"cpu":18.200000000000003,"processes":0,"time":16121},"m2":{"ram":0,"cpu":0,"processes":0,"time":0},"m3":{"ram":0,"cpu":0,"processes":0,"time":0}}